[
{"url":"https://i.top4top.io/m_2341xq9cq0.mp4"},
{"url":"https://k.top4top.io/m_2341fb4jm0.mp4"},
{"url":"https://k.top4top.io/m_2341jvbzy1.mp4"},
{"url":"https://h.top4top.io/m_2438kl6kw0.mp4"},
{"url":"https://i.top4top.io/m_2438k4cf70.mp4"},
{"url":"https://d.top4top.io/m_24387catm0.mp4"},
{"url":"https://h.top4top.io/m_2438l5utb0.mp4"},
{"url":"https://g.top4top.io/m_2438v1w7l0.mp4"},
{"url":"https://f.top4top.io/m_2341fihfn1.mp4"},
{"url":"https://j.top4top.io/m_2341jyxgq1.mp4"},
{"url":"https://d.top4top.io/m_23418161e1.mp4"},
{"url":"https://j.top4top.io/m_2341x8erk1.mp4"},
{"url":"https://j.top4top.io/m_2344852jl1.mp4"}
]