[{"unsur":"Aktinium","lambang":"Ac"},{"unsur":"Aluminium","lambang":"Al"},{"unsur":"Antimon","lambang":"Sb"},{"unsur":"Perak","lambang":"Ag"},{"unsur":"Argon","lambang":"Ar"},{"unsur":"Arsenik","lambang":"As"},{"unsur":"Astatin","lambang":"At"},{"unsur":"Emas","lambang":"Au"},{"unsur":"Barium","lambang":"Ba"},{"unsur":"Belerang","lambang":"S"},{"unsur":"Berkelium","lambang":"Bk"},{"unsur":"Berilium","lambang":"Be"},{"unsur":"Besi","lambang":"Fe"},{"unsur":"Bismut","lambang":"Bi"},{"unsur":"Bohrium","lambang":"Bh"},{"unsur":"Boron","lambang":"B"},{"unsur":"Brom","lambang":"Br"},{"unsur":"Tembaga","lambang":"Cu"},{"unsur":"Darmstadtium","lambang":"Ds"},{"unsur":"Dubnium","lambang":"Db"},{"unsur":"Disprosium","lambang":"Dy"},{"unsur":"Einsteinium","lambang":"Es"},{"unsur":"Emas","lambang":"Au"},{"unsur":"Erbium","lambang":"Er"},{"unsur":"Europium","lambang":"Eu"},{"unsur":"Fermium","lambang":"Fm"},{"unsur":"Besi","lambang":"Fe"},{"unsur":"Flerovium","lambang":"Fl"},{"unsur":"Fluor","lambang":"F"},{"unsur":"Fosfor","lambang":"P"},{"unsur":"Fransium","lambang":"Fr"},{"unsur":"Gadolinium","lambang":"Gd"},{"unsur":"Galium","lambang":"Ga"},{"unsur":"Germanium","lambang":"Ge"},{"unsur":"Hafnium","lambang":"Hf"},{"unsur":"Hassium","lambang":"Hs"},{"unsur":"Helium","lambang":"He"},{"unsur":"Hidrogen","lambang":"H"},{"unsur":"Holmium","lambang":"Ho"},{"unsur":"Raksa","lambang":"Hg"},{"unsur":"Indium","lambang":"In"},{"unsur":"Yodium","lambang":"I"},{"unsur":"Iridium","lambang":"Ir"},{"unsur":"Iterbium","lambang":"Yb"},{"unsur":"Itrium","lambang":"Y"},{"unsur":"Kadmium","lambang":"Cd"},{"unsur":"Kalium","lambang":"K"},{"unsur":"Kalsium","lambang":"Ca"},{"unsur":"Kalifornium","lambang":"Cf"},{"unsur":"Karbon","lambang":"C"},{"unsur":"Klor","lambang":"Cl"},{"unsur":"Krom","lambang":"Cr"},{"unsur":"Kobalt","lambang":"Co"},{"unsur":"Kopernisium","lambang":"Cn"},{"unsur":"Kurium","lambang":"Cm"},{"unsur":"Kripton","lambang":"Kr"},{"unsur":"Lantanum","lambang":"La"},{"unsur":"Lawrensium","lambang":"Lr"},{"unsur":"Litium","lambang":"Li"},{"unsur":"Livermorium","lambang":"Lv"},{"unsur":"Lutetium","lambang":"Lu"},{"unsur":"Magnesium","lambang":"Mg"},{"unsur":"Mangan","lambang":"Mn"},{"unsur":"Meitnerium","lambang":"Mt"},{"unsur":"Mendelevium","lambang":"Md"},{"unsur":"Molibden","lambang":"Mo"},{"unsur":"Natrium","lambang":"Na"},{"unsur":"Neodimium","lambang":"Nd"},{"unsur":"Neon","lambang":"Ne"},{"unsur":"Neptunium","lambang":"Np"},{"unsur":"Nikel","lambang":"Ni"},{"unsur":"Niobium","lambang":"Nb"},{"unsur":"Nitrogen","lambang":"N"},{"unsur":"Nobelium","lambang":"No"},{"unsur":"Osmium","lambang":"Os"},{"unsur":"Oksigen","lambang":"O"},{"unsur":"Paladium","lambang":"Pd"},{"unsur":"Perak","lambang":"Ag"},{"unsur":"Timbal","lambang":"Pb"},{"unsur":"Kalium","lambang":"K"},{"unsur":"Natrium","lambang":"Na"},{"unsur":"Platina","lambang":"Pt"},{"unsur":"Plutonium","lambang":"Pu"},{"unsur":"Polonium","lambang":"Po"},{"unsur":"Praseodimium","lambang":"Pr"},{"unsur":"Prometium","lambang":"Pm"},{"unsur":"Protaktinium","lambang":"Pa"},{"unsur":"Radium","lambang":"Ra"},{"unsur":"Radon","lambang":"Rn"},{"unsur":"Renium","lambang":"Re"},{"unsur":"Rodium","lambang":"Rh"},{"unsur":"Roentgenium","lambang":"Rg"},{"unsur":"Rubidium","lambang":"Rb"},{"unsur":"Rutenium","lambang":"Ru"},{"unsur":"Rutherfordium","lambang":"Rf"},{"unsur":"Samarium","lambang":"Sm"},{"unsur":"Skandium","lambang":"Sc"},{"unsur":"Seaborgium","lambang":"Sg"},{"unsur":"Selenium","lambang":"Se"},{"unsur":"Serium","lambang":"Ce"},{"unsur":"Sesium","lambang":"Cs"},{"unsur":"Silikon","lambang":"Si"},{"unsur":"Seng","lambang":"Zn"},{"unsur":"Timah","lambang":"Sn"},{"unsur":"Antimon","lambang":"Sb"},{"unsur":"Strontium","lambang":"Sr"},{"unsur":"Talium","lambang":"Tl"},{"unsur":"Tantalum","lambang":"Ta"},{"unsur":"Teknetium","lambang":"Tc"},{"unsur":"Telurium","lambang":"Te"},{"unsur":"Tembaga","lambang":"Cu"},{"unsur":"Terbium","lambang":"Tb"},{"unsur":"Timah","lambang":"Sn"},{"unsur":"Timbal","lambang":"Pb"},{"unsur":"Titanium","lambang":"Ti"},{"unsur":"Torium","lambang":"Th"},{"unsur":"Tulium","lambang":"Tm"},{"unsur":"Wolfram","lambang":"W"},{"unsur":"Oganeson","lambang":"Og"},{"unsur":"Moscovium","lambang":"Mc"},{"unsur":"Nihonium","lambang":"Nh"},{"unsur":"Uranium","lambang":"U"},{"unsur":"Vanadium","lambang":"V"},{"unsur":"Xenon","lambang":"Xe"},{"unsur":"Zirkonium","lambang":"Zr"}]