[{"image":"https://cdn.myanimelist.net/r/50x78/images/characters/4/277146.jpg?s=11ef10f5e6fc91ca81a2345177aef5b7","name_jp":"(ルルーシュ・ランペルージ)","jawaban":"Lamperouge Lelouch"},{"image":"https://cdn.myanimelist.net/r/50x78/images/characters/2/241413.jpg?s=be87b99243a15158d0c4234a2927742e","name_jp":"(リヴァイ)","jawaban":"Levi"},{"image":"https://cdn.myanimelist.net/r/50x78/images/characters/10/249647.jpg?s=3a9db4dd560c26d3374eca98d66bcd9a","name_jp":"(エル ローライト)","jawaban":"Lawliet L"},{"image":"https://cdn.myanimelist.net/r/50x78/images/characters/9/310307.jpg?s=1422edf1e44c7b6262386330461eecfd","name_jp":"(モンキー・D・ルフィ)","jawaban":"Monkey D Luffy"},{"image":"https://cdn.myanimelist.net/r/50x78/images/characters/3/100534.jpg?s=aff0e98eefb878a94f123db72bbd7107","name_jp":"(ロロノア・ゾロ)","jawaban":"Roronoa Zoro"},{"image":"https://cdn.myanimelist.net/r/50x78/images/characters/6/122643.jpg?s=31ebff551181516ed0bda87206720ef3","name_jp":"(岡部 倫太郎)","jawaban":"Okabe Rintarou"},{"image":"https://cdn.myanimelist.net/r/50x78/images/characters/6/63870.jpg?s=ae4e12a7907770c19795ce7cd1f5997a","name_jp":"(夜神 月)","jawaban":"Yagami Light"},{"image":"https://cdn.myanimelist.net/r/50x78/images/characters/2/327920.jpg?s=e88ffff051014c04f52d90a6451ebf8c","name_jp":"(キルア=ゾルディック)","jawaban":"Zoldyck Killua"},{"image":"https://cdn.myanimelist.net/r/50x78/images/characters/9/72533.jpg?s=1f27ab6697aaa9d82f44bb7e028972f6","name_jp":"(エドワード・エルリック)","jawaban":"Elric Edward"},{"image":"https://cdn.myanimelist.net/r/50x78/images/characters/2/284121.jpg?s=3fda6528a7c11875bcd62fcd79415478","name_jp":"(うずまき ナルト)","jawaban":"Uzumaki Naruto"},{"image":"https://cdn.myanimelist.net/r/50x78/images/characters/15/241479.jpg?s=87305c0f9711fd14ac11594759ae30d2","name_jp":"(坂田 銀時)","jawaban":"Sakata Gintoki"},{"image":"https://cdn.myanimelist.net/r/50x78/images/characters/10/114399.jpg?s=34fc3c6e99215a3f2a0528e251f921ca","name_jp":"(牧瀬 紅莉栖)","jawaban":"Makise Kurisu"},{"image":"https://cdn.myanimelist.net/r/50x78/images/characters/9/347984.jpg?s=eb85dc8571dd9afba6adef9c19bdb431","name_jp":"(ガッツ)","jawaban":"Guts"},{"image":"https://cdn.myanimelist.net/r/50x78/images/characters/9/284122.jpg?s=0c0c7e39fa7c41d8dc191907578738c8","name_jp":"(うちは イタチ)","jawaban":"Uchiha Itachi"},{"image":"https://cdn.myanimelist.net/r/50x78/images/characters/10/216895.jpg?s=badb66dafa6cf34c88315dee14d71be1","name_jp":"(エレン・イェーガー)","jawaban":"Yeager Eren"},{"image":"https://cdn.myanimelist.net/r/50x78/images/characters/9/215563.jpg?s=30182d2476002636a73c02528e4d6aea","name_jp":"(ミカサ・アッカーマン)","jawaban":"Ackerman Mikasa"},{"image":"https://cdn.myanimelist.net/r/50x78/images/characters/4/203555.jpg?s=e9ef63e80ebf0f3fe56ed86f059a53bc","name_jp":"(比企谷 八幡)","jawaban":"Hikigaya Hachiman"},{"image":"https://cdn.myanimelist.net/r/50x78/images/characters/9/251339.jpg?s=21e1d00123ff833c740695aefa9bced3","name_jp":"(金木 研)","jawaban":"Kaneki Ken"},{"image":"https://cdn.myanimelist.net/r/50x78/images/characters/9/311327.jpg?s=1757696e904d38cd5caf178656b5dc0f","name_jp":"(レム)","jawaban":"Rem"},{"image":"https://cdn.myanimelist.net/r/50x78/images/characters/11/294388.jpg?s=62528fd92745ae2ba0525d8311e67d00","name_jp":"(サイタマ)","jawaban":"Saitama"},{"image":"https://cdn.myanimelist.net/r/50x78/images/characters/7/284129.jpg?s=a47aaebb96dadfd80e4f38caf4537841","name_jp":"(はたけ カカシ)","jawaban":"Hatake Kakashi"},{"image":"https://cdn.myanimelist.net/r/50x78/images/characters/4/50197.jpg?s=85599c31904e6c1d6821d198d2bad36d","name_jp":"(スパイク・スピーゲル)","jawaban":"Spiegel Spike"},{"image":"https://cdn.myanimelist.net/r/50x78/images/characters/7/204821.jpg?s=aa2995145974083351c6e2aece4369ae","name_jp":"(桐ヶ谷 和人)","jawaban":"Kirigaya Kazuto"},{"image":"https://cdn.myanimelist.net/r/50x78/images/characters/11/287902.jpg?s=c16c30a5a7833f4df0536cf65d2c3e1a","name_jp":"(戦場ヶ原 ひたぎ)","jawaban":"Senjougahara Hitagi"},{"image":"https://cdn.myanimelist.net/r/50x78/images/characters/3/328158.jpg?s=4e27f3b43454231bc4bb7ccdad2b78a8","name_jp":"(夜ト)","jawaban":"Yato"},{"image":"https://cdn.myanimelist.net/r/50x78/images/characters/15/422168.jpg?s=fb651780cb035b0942de33df9f19e8bc","name_jp":"(五条 悟)","jawaban":"Gojou Satoru"},{"image":"https://cdn.myanimelist.net/r/50x78/images/characters/14/349249.jpg?s=07d8bbe5734b0c35dc91d00360277e75","name_jp":"(めぐみん)","jawaban":"Megumin"},{"image":"https://cdn.myanimelist.net/r/50x78/images/characters/6/252863.jpg?s=23fc348c206de260e19b138a03dd3e39","name_jp":"(ジョセフ・ジョースター)","jawaban":"Joestar Joseph"},{"image":"https://cdn.myanimelist.net/r/50x78/images/characters/7/72983.jpg?s=2c2955e037f87fd9a23bb24e17b5da80","name_jp":"(ロイ・マスタング)","jawaban":"Mustang Roy"},{"image":"https://cdn.myanimelist.net/r/50x78/images/characters/10/352557.jpg?s=3fa2a1c5bfab96182df9353c2bc57574","name_jp":"(ゼロツー)","jawaban":"Zero Two"},{"image":"https://cdn.myanimelist.net/r/50x78/images/characters/3/174561.jpg?s=9db8199799c15ad31d0dfe4f38bc7297","name_jp":"(ヒソカ・モロウ)","jawaban":"Morow Hisoka"},{"image":"https://cdn.myanimelist.net/r/50x78/images/characters/2/366639.jpg?s=b73f0ee2e73cd414946cbc79246f0dab","name_jp":"(桜島 麻衣)","jawaban":"Sakurajima Mai"},{"image":"https://cdn.myanimelist.net/r/50x78/images/characters/16/234167.jpg?s=77bc48b109b6b6a3947172ad1493428f","name_jp":"(忍野 忍)","jawaban":"Oshino Shinobu"},{"image":"https://cdn.myanimelist.net/r/50x78/images/characters/7/83946.jpg?s=9402940331c305cd16969ba3dcb62d1a","name_jp":"(カミナ)","jawaban":"Kamina"},{"image":"https://cdn.myanimelist.net/r/50x78/images/characters/10/46644.jpg?s=200ab28ce90e5603bf9aada0361133a4","name_jp":"(逢坂 大河)","jawaban":"Aisaka Taiga"},{"image":"https://cdn.myanimelist.net/r/50x78/images/characters/6/275276.jpg?s=fd98a334255b4de7e4bfe34c3d43a7e8","name_jp":"(セイバー)","jawaban":"Saber"},{"image":"https://cdn.myanimelist.net/r/50x78/images/characters/5/280576.jpg?s=c8bd212c263f07309ade346453ece48e","name_jp":"(我妻 由乃)","jawaban":"Gasai Yuno"},{"image":"https://cdn.myanimelist.net/r/50x78/images/characters/5/307236.jpg?s=26fb55ff6317b4ddf1917524b4c0379b","name_jp":"(太宰 治)","jawaban":"Dazai Osamu"},{"image":"https://cdn.myanimelist.net/r/50x78/images/characters/8/241475.jpg?s=1c0f26c0d6e1cf3a1e6b89db6e00387e","name_jp":"(鬼塚 英吉)","jawaban":"Onizuka Eikichi"},{"image":"https://cdn.myanimelist.net/r/50x78/images/characters/15/262053.jpg?s=7f4eb9d7372b34988f6f214e18808115","name_jp":"(結城 明日奈 / アスナ)","jawaban":"Yuuki Asuna"},{"image":"https://cdn.myanimelist.net/r/50x78/images/characters/3/148437.jpg?s=8ad9f93016a477696487ec865ffc186f","name_jp":"(阿良々木 暦)","jawaban":"Araragi Koyomi"},{"image":"https://cdn.myanimelist.net/r/50x78/images/characters/9/345616.jpg?s=c959f7d29d4deb1dc5621af357e6176e","name_jp":"(ヴァイオレット・エヴァーガーデン)","jawaban":"Evergarden Violet"},{"image":"https://cdn.myanimelist.net/r/50x78/images/characters/15/319492.jpg?s=2d92d0ff324dc6bdde6f78d5c412f45d","name_jp":"(ホロ)","jawaban":"Holo"},{"image":"https://cdn.myanimelist.net/r/50x78/images/characters/16/308364.jpg?s=e82d5076620b8fffdec768adb29a0df1","name_jp":"(霊幻 新隆)","jawaban":"Reigen Arataka"},{"image":"https://cdn.myanimelist.net/r/50x78/images/characters/15/74607.jpg?s=92739328fc47ae0cf777dce151a8254c","name_jp":"(アーカード)","jawaban":"Alucard"},{"image":"https://cdn.myanimelist.net/r/50x78/images/characters/10/268173.jpg?s=1b8adab470e1f86a072f90ccfa3f4227","name_jp":"(エミリア)","jawaban":"Emilia"},{"image":"https://cdn.myanimelist.net/r/50x78/images/characters/9/131317.jpg?s=e1599af8dda56694460df8d02bfe85dd","name_jp":"(うちは サスケ)","jawaban":"Uchiha Sasuke"},{"image":"https://cdn.myanimelist.net/r/50x78/images/characters/3/299595.jpg?s=56e95216667744a94df479e8fc2195f8","name_jp":"(轟 焦凍)","jawaban":"Todoroki Shouto"},{"image":"https://cdn.myanimelist.net/r/50x78/images/characters/3/89190.jpg?s=941ae954a2e4ff5a085b7607229170ed","name_jp":"(黒崎 一護)","jawaban":"Kurosaki Ichigo"},{"image":"https://cdn.myanimelist.net/r/50x78/images/characters/7/299404.jpg?s=4ce53d181197108a0d1c1c361d08c721","name_jp":"(緑谷 出久)","jawaban":"Midoriya Izuku"}]